<?xml version="1.0" encoding="UTF-8"?>
<beans xmlns="http://www.springframework.org/schema/beans"
	xmlns:xsi="http://www.w3.org/2001/XMLSchema-instance"
	xmlns:context="http://www.springframework.org/schema/context"
	xmlns:jdbc="http://www.springframework.org/schema/jdbc"
	xmlns:mybatis-spring="http://mybatis.org/schema/mybatis-spring"
	xsi:schemaLocation="http://www.springframework.org/schema/jdbc http://www.springframework.org/schema/jdbc/spring-jdbc-4.3.xsd
		http://mybatis.org/schema/mybatis-spring http://mybatis.org/schema/mybatis-spring-1.2.xsd
		http://www.springframework.org/schema/beans https://www.springframework.org/schema/beans/spring-beans.xsd
		http://www.springframework.org/schema/context http://www.springframework.org/schema/context/spring-context-4.3.xsd">
	
	<!-- Root Context: defines shared resources visible to all other web components -->
			<bean id="dataSourceSpied" class="org.springframework.jdbc.datasource.DriverManagerDataSource">
		<property name="driverClassName" value="com.mysql.cj.jdbc.Driver"></property>
		<property name="url" value="jdbc:mysql://localhost:3306/moviedb?"></property>
		<property name="username" value="root"></property>
		<property name="password" value="12345"></property>
	</bean>		
	
	<bean id="sqlSessionFactory" class="org.mybatis.spring.SqlSessionFactoryBean">
		<property name="dataSource" ref="dataSource"></property>
		<property name="configLocation" value="classpath:/myBatisConfig.xml"></property>
		<property name="mapperLocations" value="classpath:mappers/**/*.xml"></property>
	</bean>
	
	<!-- db Log추가 -->
    <bean id="dataSource" class="net.sf.log4jdbc.Log4jdbcProxyDataSource"> 
        <constructor-arg ref="dataSourceSpied" /> 
        <property name="logFormatter"> 
            <bean class="net.sf.log4jdbc.tools.Log4JdbcCustomFormatter"> 
                <property name="loggingType" value="MULTI_LINE" /> 
                <property name="sqlPrefix" value="SQL : "/> 
            </bean> 
        </property> 
    </bean> 
	
	<bean id="sqlSession" class="org.mybatis.spring.SqlSessionTemplate" destroy-method="clearCache"> 
		<constructor-arg name="sqlSessionFactory" ref="sqlSessionFactory"></constructor-arg>
	</bean>
	
	<context:component-scan base-package="kr.co.dong" />
</beans>
