<?xml version="1.0" encoding="UTF-8"?>
<!DOCTYPE mapper PUBLIC "-//mybatis.org//DTD Mapper 3.0//EN" "https://mybatis.org/dtd/mybatis-3-mapper.dtd">
<mapper namespace="kr.co.dong.boardMapper">
	<!-- 작성 리뷰 정보조회 / 게시판 -->
	<select id="board_check" resultType="int">
		SELECT * FROM board
		WHERE FK_u_number=#{FK_u_number}
	</select>

	<insert id="board_insert">
		insert into board (b_title, b_context, b_date, b_cnt, FK_u_number)
		values(#{b_title},#{b_context}, #{b_date},#{b_cnt},#{FK_u_number})
	</insert>

	<select id="board_detail" resultType="boardDTO">
		select *
		from board
		where b_number = #{b_number}
	</select>

	<update id="board_update">
		update board set b_title = #{b_title}, b_comtext = #{b_context}
		where b_number = #{b_number}
	</update>

	<delete id="board_delete">
		delete from board where b_number = #{b_number}
	</delete>

	<select id="board_listAll" resultType="boardDTO">
		select *
		from board
	</select>

	<select id="checkALL" resultType="boardDTO">
		select * from board where
	</select>
</mapper>