<?xml version="1.0" encoding="UTF-8"?>
<!DOCTYPE mapper
  PUBLIC "-//mybatis.org//DTD Mapper 3.0//EN"
  "https://mybatis.org/dtd/mybatis-3-mapper.dtd">
<mapper namespace="kr.co.dong.userMapper">

	<!-- 회원 가입 -->
	<insert id="user_signup" parameterType="userDTO">
		insert into User( u_date
		,u_id ,u_pw u_age ,u_addr ,u_gender ,u_email ,u_birthday)
		value(
		#{u_date} ,#{u_id} ,#{u_pw} ,#{u_age} ,#{u_addr} ,#{u_gender}
		,#{u_email} ,#{u_birthday})
	</insert>

	<!-- 로그인 -->
	<select id="user_login" resultType="String">
		select u_number from user
		where u_id = #{u_id} and u_pw = #{u_pw}
	</select>

	<!-- 회원 상세정보 -->
	<select id="user_selectDetail" resultType="userDTO">
		select * from user
		where = u_number = #{u_number}
	</select>

	<!-- 회원 정보 수정 -->
	<update id="user_updatePw">
		update user set u_pw = #{u_pw}
		where n_number =
		#{u_number}
	</update>

	<update id="user_updateEmail">
		update user set u_email = #{u_email}
		where u_number = #{u_number}
	</update>

	<update id="user_updateAdress">
		update user set u_adress = #{u_adress}
		where u_number
		= #{u_number}
	</update>

	<!-- 회원 탈퇴 -->
	<delete id="user_delete">
		delete from User where u_number = #{u_number}
	</delete>

	<!-- 프로필 페이지 사용자 정보 조회 / 사용자 고유 번호 당 생성 페이지 -->
	<select id="user_info" resultType="userDTO">
		SELECT * FROM user
		WHERE u_number=#{u_number}
	</select>

</mapper>