<?xml version="1.0" encoding="UTF-8"?>
<!DOCTYPE mapper
  PUBLIC "-//mybatis.org//DTD Mapper 3.0//EN"
  "https://mybatis.org/dtd/mybatis-3-mapper.dtd">
  <mapper namespace="kr.co.dong.userfavoriteMapper"> 
		<!-- 플레이리스트/ 삭제 하기 처리를 위한 SQL -->
		<delete id="userfavorite_delete">
			DELETE from userfavorite
			WHERE uf_number=#{uf_number}
		</delete>
		
		<!-- 플레이리스트/영화 조회하기 -->
		<select id="userfavorite_check" resultType="UserfavoriteDTO">
			SELECT * FROM userfavorite
			 WHERE u_number=#{u_number}
		</select>
		
		<!-- 플레이리스트/영화 추가 하기 처리를 -->
		<insert id="userfavorite_add">
			INSERT INTO userfavorite(FK_m_number, FK_u_number, uf_review,uf_grade)
			 VALUE(#{FK_m_number}, #{FK_u_number} ,#{uf_review},#{uf_grade});
		</insert>
		
		<select id="userfavorite_find">
			select FK_m_number from userfavorite where FK_u_number = #{FK_u_number}
		</select>
		
  </mapper>